{"Accuracy": 0.46, "image_quantity_level-Accuracy": {"Few": 0.4583333333333333, "Medium": 0.46153846153846156, "Many": 0}, "image_quantity_level-Result": {"Few": [44, 96], "Medium": [48, 104], "Many": [0, 0]}}