{"Rouge-L f": 0.04128855724848707, "image_quantity_level-Accuracy": {"Few": 0.04128855724848707, "Medium": 0, "Many": 0}, "image_quantity_level-Result": {"Few": [8.257711449697416, 200], "Medium": [0, 0], "Many": [0, 0]}}